"Nueva Montserrat","Nueva Montserrat"
"Playa Grande","Playa Grande"
"San CristÃ³bal","San CristÃ³bal"
"Santa Lucia","Santa Lucia"
"aldea las palmas","aldea las palmas"
"aldea madre vieja","aldea madre vieja"
"buena vista","buena vista"
"camoja grande","camoja grande"
"los esclavos","los esclavos"
"naranjo","naranjo"
"playa grande","playa grande"
"playa grande","playa grande"
"playa grande","playa grande"
"puerto.iztapa","puerto.iztapa"
"santiago zamora","santiago zamora"
"santo tomas d castilla","santo tomas d castilla"
"villas del milagro","villas del milagro"
"xepon grande malacatancito","xepon grande malacatancito"
