"Bocina","Bocina"
"Bocina JBL","Bocina JBL"
"Guatemala","Guatemala"
"JBL","JBL"
"JbL","JbL"
"aire acondicionado","aire acondicionado"
"arreglo floral","arreglo floral"
"audifono","audifono"
"audifono","audifono"
"audifonos","audifonos"
"audifonos","audifonos"
"audifonos","audifonos"
"audifonos","audifonos"
"audífonos","audífonos"
"audífonos","audífonos"
"audífonos","audífonos"
"audífonos","audífonos"
"audífonos","audífonos"
"audífonos","audífonos"
"audífonos","audífonos"
"audífonos","audífonos"
"audífonos","audífonos"
"audífonos","audífonos"
"auriculares","auriculares"
"auriculares","auriculares"
"bajilla","bajilla"
"bajilla","bajilla"
"bicicleta","bicicleta"
"bicicletas","bicicletas"
"bocina","bocina"
"bocina","bocina"
"bocina","bocina"
"bocina","bocina"
"bocina","bocina"
"bocina Bluetooth JBL","bocina Bluetooth JBL"
"bocina jbl","bocina jbl"
"bocinas","bocinas"
"bocinas","bocinas"
"bocinas","bocinas"
"bocinas JBL","bocinas JBL"
"bocinas jbl","bocinas jbl"
"bosina","bosina"
"brochas","brochas"
"carrito","carrito"
"carrito","carrito"
"carrito","carrito"
"carrito","carrito"
"carrito","carrito"
"carrito","carrito"
"carrito","carrito"
"carrito","carrito"
"carrito","carrito"
"carrito","carrito"
"carrito","carrito"
"carrito","carrito"
"carrito","carrito"
"carrito","carrito"
"carrito","carrito"
"carrito","carrito"
"carrito","carrito"
"carrito","carrito"
"carrito","carrito"
"carrito","carrito"
"carritos","carritos"
"carritos","carritos"
"carritos","carritos"
"carritos","carritos"
"carritos","carritos"
"carritos","carritos"
"carritos","carritos"
"carro","carro"
"carro","carro"
"carro","carro"
"cobertores","cobertores"
"computadora","computadora"
"computadoras","computadoras"
"computadoras","computadoras"
"computadoras","computadoras"
"cuna","cuna"
"disco duro","disco duro"
"equipo","equipo"
"estufa","estufa"
"filtros","filtros"
"gabinetes","gabinetes"
"horno eléctrico tostador","horno eléctrico tostador"
"impresora","impresora"
"impresora","impresora"
"juguetes","juguetes"
"laptop","laptop"
"laptop","laptop"
"laptop","laptop"
"lavadoras","lavadoras"
"maquina","maquina"
"maquina d coser","maquina d coser"
"maquinas","maquinas"
"maquinas","maquinas"
"maquinas","maquinas"
"maqyinas","maqyinas"
"mause","mause"
"microondas","microondas"
"minilactop","minilactop"
"mochila","mochila"
"mochila","mochila"
"mochila","mochila"
"mochila","mochila"
"mochila","mochila"
"mochila","mochila"
"mochila","mochila"
"mochila","mochila"
"mochila","mochila"
"mochila","mochila"
"mochilas","mochilas"
"mochilas","mochilas"
"mochilas","mochilas"
"monitor","monitor"
"motos","motos"
"máquinas","máquinas"
"pastillas","pastillas"
"plancha","plancha"
"platos","platos"
"ratón","ratón"
"refrigeradora","refrigeradora"
"refry","refry"
"rosas","rosas"
"tele","tele"
"tele","tele"
"telefono","telefono"
"televisor","televisor"
"televisor","televisor"
"televisor","televisor"
"televisor","televisor"
"teléfono","teléfono"
"triciclo","triciclo"
"triciclos","triciclos"
"tv","tv"
"tvs","tvs"
"vajia","vajia"
"vajilla","vajilla"
"vajillas","vajillas"
"vajillas","vajillas"
"vicicleta","vicicleta"
"zapatos","zapatos"
