"Efectivo","Efectivo"
"En efectivo al recibir","En efectivo al recibir"
"PayPal","PayPal"
"PayPal","PayPal"
"PayPal","PayPal"
"PayPal","PayPal"
"PayPal","PayPal"
"TC","TC"
"Visa Cuota","Visa Cuota"
"al recibir","al recibir"
"al recibir","al recibir"
"alcontado","alcontado"
"contado","contado"
"contado","contado"
"contra entrega","contra entrega"
"contra entrega","contra entrega"
"contra entrega","contra entrega"
"contra entrega","contra entrega"
"contra entrega","contra entrega"
"contra entrega","contra entrega"
"contra entrega","contra entrega"
"contra entrega","contra entrega"
"contra entrega","contra entrega"
"contra entrega","contra entrega"
"contra entrega","contra entrega"
"contra entrga","contra entrga"
"contrs entrega","contrs entrega"
"cuotas","cuotas"
"cuotas","cuotas"
"debiten de la tarjeta","debiten de la tarjeta"
"depocitar","depocitar"
"deposita","deposita"
"deposita","deposita"
"deposita","deposita"
"deposita","deposita"
"depositar","depositar"
"depositar","depositar"
"depositar","depositar"
"depositar","depositar"
"depositarlo","depositarlo"
"deposito","deposito"
"deposito","deposito"
"deposito","deposito"
"deposito","deposito"
"deposito","deposito"
"deposito","deposito"
"deposito","deposito"
"deposito","deposito"
"deposito","deposito"
"depósito","depósito"
"depósito","depósito"
"depósito","depósito"
"depósitos","depósitos"
"dolares","dolares"
"dólares","dólares"
"efectibo","efectibo"
"efectivo","efectivo"
"efectivo","efectivo"
"efectivo contra entrega","efectivo contra entrega"
"paga al recibir","paga al recibir"
"paga al recibirlo","paga al recibirlo"
"pagaria al momento de recibirla","pagaria al momento de recibirla"
"pago al resivir","pago al resivir"
"pago cuando lleguen a entregar el producto","pago cuando lleguen a entregar el producto"
"pago en el banco","pago en el banco"
"pago es contra entrega","pago es contra entrega"
"pagos","pagos"
"pagos por PayPal","pagos por PayPal"
"por pagos","por pagos"
"previo deposito","previo deposito"
"previo depósito","previo depósito"
"se paga hasta que llegue el producto","se paga hasta que llegue el producto"
"tarjeta","tarjeta"
"tarjeta","tarjeta"
"tarjeta de credito","tarjeta de credito"
"tarjeta de credito","tarjeta de credito"
"tarjeta de crédito","tarjeta de crédito"
"tarjeta de crédito","tarjeta de crédito"
"tarjeta de crédito","tarjeta de crédito"
"trageta","trageta"
"transacción","transacción"
"un solo pago","un solo pago"
"visa cuotas","visa cuotas"
"visa cuotas","visa cuotas"
"visa cuotas","visa cuotas"
"visacuotas","visacuotas"
"visacuotas","visacuotas"
"visacuotas","visacuotas"
"visacuotas","visacuotas"
"visacuotas ","visacuotas "
